# **ALTER SEQUENCE**

## **Description**

`ALTER SEQUENCE` is used to modify an existing sequence.

## **Syntax**

```
> ALTER SEQUENCE [ IF EXISTS ] SEQUENCE_NAME
[ AS data_type ]
[ INCREMENT [ BY ] increment ]
[ MINVALUE minvalue] [ MAXVALUE maxvalue]
[ START [ WITH ] start ] [ [ NO ] CYCLE ]
```

### Explanations

- `[ IF EXISTS ]`: An optional clause that indicates that if the specified sequence does not exist, it will not raise an error. If this clause is used, the system checks if the sequence exists; if it does not, it will ignore the modification request.

- `SEQUENCE_NAME`: The name of the sequence to be modified.

- `[ AS data_type ]`: An optional clause that allows you to specify the data type for the sequence. Typically, the data type of a sequence is an integer.

- `[ INCREMENT [ BY ] increment ]`: This specifies the increment value for the sequence. The increment value of the sequence is the amount to be added to the current value each time it is incremented or decremented. If the increment value is not specified, it is typically set to 1.

- `[ MINVALUE minvalue ]`: This is the minimum value of the sequence, specifying the minimum value allowed for the sequence. If a minimum value is set, the sequence's current value cannot go below this value.

- `[ MAXVALUE maxvalue ]`: This is the maximum value of the sequence, specifying the maximum value allowed for the sequence. If a maximum value is specified, the sequence's current value cannot exceed this value.

- `[ START [ WITH ] start ]`: This is the sequence's starting value, specifying the sequence's initial value. If the starting value is not specified, it is typically set to 1.

- `[ [ NO ] CYCLE ]`: An optional clause used to specify whether the sequence values should cycle. If `NO CYCLE` is specified, the sequence will stop incrementing or decrementing after reaching the maximum or minimum value. If this clause is not specified, it typically defaults to not cycling.

## **Examples**

```sql
-- Create a sequence named alter_seq_01 with an increment of 2, a minimum value of 30, a maximum value of 100, and enable cycling
create sequence alter_seq_01 as smallint increment by 2 minvalue 30 maxvalue 100 cycle;

mysql> select * from alter_seq_01;
+--------------+-----------+-----------+-------------+-----------------+-------+-----------+
| last_seq_num | min_value | max_value | start_value | increment_value | cycle | is_called |
+--------------+-----------+-----------+-------------+-----------------+-------+-----------+
|           30 |        30 |       100 |          30 |               2 | true  | false     |
+--------------+-----------+-----------+-------------+-----------------+-------+-----------+
1 row in set (0.00 sec)

-- Remove cycling for sequence alter_seq_01
mysql> alter sequence alter_seq_01 no cycle;
Query OK, 0 rows affected (0.01 sec)

mysql> select * from alter_seq_01;
+--------------+-----------+-----------+-------------+-----------------+-------+-----------+
| last_seq_num | min_value | max_value | start_value | increment_value | cycle | is_called |
+--------------+-----------+-----------+-------------+-----------------+-------+-----------+
|           30 |        30 |       100 |          30 |               2 | false | false     |
+--------------+-----------+-----------+-------------+-----------------+-------+-----------+
1 row in set (0.00 sec)

-- Set the starting value of sequence alter_seq_01 to 40
mysql> alter sequence alter_seq_01 start with 40;
Query OK, 0 rows affected (0.01 sec)

mysql> select * from alter_seq_01;
+--------------+-----------+-----------+-------------+-----------------+-------+-----------+
| last_seq_num | min_value | max_value | start_value | increment_value | cycle | is_called |
+--------------+-----------+-----------+-------------+-----------------+-------+-----------+
|           40 |        30 |       100 |          40 |               3 | false | false     |
+--------------+-----------+-----------+-------------+-----------------+-------+-----------+
1 row in set (0.01 sec)

-- Set the increment value of sequence alter_seq_01 to 3
mysql> alter sequence alter_seq_01 increment by 3;
Query OK, 0 rows affected (0.01 sec)

mysql> select * from alter_seq_01;
+--------------+-----------+-----------+-------------+-----------------+-------+-----------+
| last_seq_num | min_value | max_value | start_value | increment_value | cycle | is_called |
+--------------+-----------+-----------+-------------+-----------------+-------+-----------+
|           40 |        30 |       100 |          40 |               3 | false | false     |
+--------------+-----------+-----------+-------------+-----------------+-------+-----------+
1 row in set (0.00 sec)
```
