# **LAST_INSERT_ID()**

## **Description**

The LAST_INSERT_ID() function returns the AUTO_INCREMENT id of the last row that has been inserted or updated in a table.

When the argument is `NULL`, `LAST_INSERT_ID()` returns a value representing the first automatically generated value successfully inserted for an `AUTO_INCREMENT` column as a result of the most recently executed `INSERT` statement; if you haven't inserted a column before, then the return value start at 1, and if you've inserted a column before, then the return value of the `AUTO_INCREMENT` column increases by 1.

The value of `LAST_INSERT_ID()` remains unchanged if no rows are successfully inserted.

## **Syntax**

```
LAST_INSERT_ID(), LAST_INSERT_ID(expr)
```

## **Examples**

```sql
create table t1(a int auto_increment primary key);
insert into t1 values();
mysql> select last_insert_id();
+------------------+
| last_insert_id() |
+------------------+
|                1 |
+------------------+
1 row in set (0.02 sec)

insert into t1 values(11);
insert into t1 values();
mysql> select last_insert_id();
+------------------+
| last_insert_id() |
+------------------+
|               12 |
+------------------+
1 row in set (0.02 sec)

insert into t1 values(null);
mysql> select last_insert_id();
+------------------+
| last_insert_id() |
+------------------+
|               13 |
+------------------+
1 row in set (0.02 sec)

create table t2(a int auto_increment primary key);
insert into t2 values();
mysql> select last_insert_id();
+------------------+
| last_insert_id() |
+------------------+
|                1 |
+------------------+
1 row in set (0.02 sec)

insert into t2 values(100);
insert into t2 values();
mysql> select last_insert_id();
+------------------+
| last_insert_id() |
+------------------+
|              101 |
+------------------+
1 row in set (0.02 sec)
```
